,audience,comment,presents,share,url,Time
0,64,4,8,0,http://upuwmp3.changba.com/userdata/userwork/979/1208653979.mp3,2019-12-29 00:00:00
1,32,0,5,0,http://ksapuw.changba.com/userdata/userwork/818/1208653818.mp3,
2,29,3,4,2,http://upscuw.changba.com/1208653739.mp3,2019-12-29 00:00:00
3,25,0,3,0,http://upscuw.changba.com/1208653711.mp3,
4,16,0,0,0,http://qiniuuwmp3.changba.com/1208653567.mp3,
5,97,5,5,3,http://upuwmp3.changba.com/userdata/userwork/390/1208485390.mp3,2019-12-28 00:00:00
6,59,0,2,0,http://upscuw.changba.com/1208481536.mp3,
7,46,0,9,0,http://qiniuuwmp3.changba.com/1208178081.mp3,
8,18,0,2,0,http://upscuw.changba.com/1208176537.mp3,
9,12,0,2,0,http://qiniuuwmp3.changba.com/1208176365.mp3,
10,33,0,1,0,http://upscuw.changba.com/1208174224.mp3,
11,27,0,0,0,http://upscuw.changba.com/1207853924.mp3,
12,21,1,2,0,http://qiniuuwmp3.changba.com/1207851490.mp3,2019-12-24 00:00:00
13,17,0,2,0,http://qiniuuwmp3.changba.com/1207850384.mp3,
14,46,0,0,0,http://qiniuuwmp3.changba.com/1207849093.mp3,
15,19,0,0,0,http://qiniuuwmp3.changba.com/1207848175.mp3,
16,21,0,0,0,http://upscuw.changba.com/1207847519.mp3,
17,34,1,3,0,http://qiniuuwmp3.changba.com/1207846965.mp3,2019-12-24 00:00:00
18,99,7,11,3,http://qiniuuwmp3.changba.com/1206859750.mp3,2019-12-18 00:00:00
19,59,3,5,1,http://qiniuuwmp3.changba.com/1206718798.mp3,2019-12-20 00:00:00
20,78,5,9,3,http://qiniuuwmp3.changba.com/1206702194.mp3,2019-12-17 00:00:00
21,50,2,12,2,http://qiniuuwmp3.changba.com/1206042472.mp3,2019-12-16 00:00:00
22,41,1,0,0,http://upscuw.changba.com/1206034201.mp3,2019-12-23 00:00:00
23,55,0,3,0,http://upscuw.changba.com/1205721914.mp3,
24,64,1,5,0,http://qiniuuwmp3.changba.com/1205547761.mp3,2019-12-18 00:00:00
25,30,0,2,0,http://upscuw.changba.com/1205547529.mp3,
26,157,3,8,0,http://qiniuuwmp3.changba.com/1205042649.mp3,2019-12-07 00:00:00
27,53,1,9,0,http://upscuw.changba.com/1205039921.mp3,2019-12-07 00:00:00
28,43,2,2,0,http://qiniuuwmp3.changba.com/1205039898.mp3,2019-12-07 00:00:00
29,42,1,1,0,http://upscuw.changba.com/1205039831.mp3,2019-12-07 00:00:00
30,26,0,1,0,http://upscuw.changba.com/1205039823.mp3,
31,35,1,0,0,https://qiniuuwmp3.changba.com/1204909077.mp3,2019-12-07 00:00:00
32,49,2,6,0,http://qiniuuwmp3.changba.com/1204879150.mp3,2019-12-06 00:00:00
33,30,0,1,0,http://qiniuuwmp3.changba.com/1204877946.mp3,
34,68,0,6,0,http://qiniuuwmp3.changba.com/1204579871.mp3,
35,42,2,1,1,http://upscuw.changba.com/1204457805.mp3,2019-12-03 00:00:00
36,43,1,6,0,http://qiniuuwmp3.changba.com/1204123890.mp3,2019-12-09 00:00:00
37,19,0,0,0,http://qiniuuwmp3.changba.com/1204123394.mp3,
38,25,1,2,0,http://upscuw.changba.com/1204123142.mp3,2019-12-01 00:00:00
39,87,2,9,1,http://upscuw.changba.com/1203255613.mp3,2019-11-26 00:00:00
40,120,3,7,0,http://qiniuuwmp3.changba.com/1203218596.mp3,2019-11-26 00:00:00
41,38,2,12,0,http://qiniuuwmp3.changba.com/1203211083.mp3,2019-11-26 00:00:00
42,33,1,9,0,http://qiniuuwmp3.changba.com/1203050950.mp3,2019-11-25 00:00:00
43,22,1,1,0,http://upscuw.changba.com/1203047929.mp3,2019-11-25 00:00:00
44,38,1,0,0,http://upscuw.changba.com/1202873810.mp3,2019-11-24 00:00:00
45,41,2,3,0,http://qiniuuwmp3.changba.com/1202698595.mp3,2019-11-23 00:00:00
46,62,3,4,1,http://qiniuuwmp3.changba.com/1202492464.mp3,2019-11-22 00:00:00
47,189,7,30,1,http://upscuw.changba.com/1202169140.mp3,2019-11-20 00:00:00
48,63,3,2,0,http://upscuw.changba.com/1201635144.mp3,2019-11-17 00:00:00
49,85,4,15,0,http://upuwmp3.changba.com/userdata/userwork/75/1201453075.mp3,2019-11-16 00:00:00
50,65,2,9,2,http://qiniuuwmp3.changba.com/1201450366.mp3,2019-11-16 00:00:00
51,136,1,1,0,http://qiniuuwmp3.changba.com/1201449862.mp3,2019-11-16 00:00:00
52,120,3,9,1,http://upscuw.changba.com/1199021729.mp3,2019-11-02 00:00:00
53,76,2,8,1,http://qiniuuwmp3.changba.com/1198858864.mp3,2019-11-01 00:00:00
54,99,4,11,3,http://upscuw.changba.com/1198856240.mp3,2019-11-01 00:00:00
55,85,1,6,0,http://upuwmp3.changba.com/userdata/userwork/944/1198545944.mp3,2019-10-30 00:00:00
56,130,1,3,2,http://upscuw.changba.com/1198544629.mp3,2019-10-30 00:00:00
57,126,2,11,0,http://upscuw.changba.com/1196552217.mp3,2019-10-18 00:00:00
58,67,1,8,0,http://qiniuuwmp3.changba.com/1196393488.mp3,2019-10-17 00:00:00
59,188,4,10,1,http://qiniuuwmp3.changba.com/1196069778.mp3,2019-10-15 00:00:00
60,109,5,6,0,http://upscuw.changba.com/1195716030.mp3,2019-10-13 00:00:00
61,140,4,7,0,http://qiniuuwmp3.changba.com/1195549146.mp3,2019-10-12 00:00:00
62,215,5,14,2,http://qiniuuwmp3.changba.com/1194887886.mp3,2019-10-08 00:00:00
63,55,1,3,0,http://upscuw.changba.com/1194226330.mp3,2019-10-04 00:00:00
64,88,5,11,0,http://upscuw.changba.com/1189180127.mp3,2019-09-08 00:00:00
65,139,7,20,10,http://upscuw.changba.com/1188970620.mp3,2019-09-07 00:00:00
66,98,5,6,1,http://ksapuw.changba.com/userdata/userwork/215/1188925215.mp3,2019-09-07 00:00:00
67,200,4,8,3,http://qiniuuwmp3.changba.com/1184684161.mp3,2019-08-16 00:00:00
68,351,12,39,9,http://upscuw.changba.com/1184296929.mp3,2019-08-15 00:00:00
69,98,2,2,1,http://qiniuuwmp3.changba.com/1183701695.mp3,2019-08-11 00:00:00
70,193,1,9,3,http://upscuw.changba.com/1183693600.mp3,2019-08-11 00:00:00
71,328,7,10,3,http://qiniuuwmp3.changba.com/1183244252.mp3,2019-08-09 00:00:00
72,73,4,12,0,http://upscuw.changba.com/1182877206.mp3,2019-08-07 00:00:00
73,71,2,3,0,http://upscuw.changba.com/1180995525.mp3,2019-07-29 00:00:00
74,89,9,5,3,http://upscuw.changba.com/1178380520.mp3,2019-07-16 00:00:00
75,111,4,14,2,http://upscuw.changba.com/1174683323.mp3,2019-06-28 00:00:00
76,450,41,30,34,http://upscuw.changba.com/1172763007.mp3,2019-06-20 00:00:00
77,83,1,4,0,http://qiniuuwmp3.changba.com/1170158968.mp3,2019-06-07 00:00:00
78,130,4,9,0,http://upscuw.changba.com/1170158002.mp3,2019-06-07 00:00:00
79,127,4,2,1,http://qiniuuwmp3.changba.com/1169899882.mp3,2019-06-06 00:00:00
80,246,8,23,4,http://upscuw.changba.com/1169262422.mp3,2019-06-03 00:00:00
81,49,2,6,0,http://upscuw.changba.com/1169257621.mp3,2019-06-03 00:00:00
82,89,2,6,1,http://qiniuuwmp3.changba.com/1169257291.mp3,2019-06-03 00:00:00
83,118,1,0,0,http://qiniuuwmp3.changba.com/1169256157.mp3,2019-06-03 00:00:00
84,66,3,2,0,http://upscuw.changba.com/1169013631.mp3,2019-06-02 00:00:00
85,73,3,6,0,http://upscuw.changba.com/1169002805.mp3,2019-06-02 00:00:00
86,93,4,6,1,http://upscuw.changba.com/1168609331.mp3,2019-06-01 00:00:00
87,52,3,1,4,http://upscuw.changba.com/1168608122.mp3,2019-06-01 00:00:00
88,68,7,3,1,http://qiniuuwmp3.changba.com/1168604768.mp3,2019-06-01 00:00:00
89,128,5,3,2,http://upscuw.changba.com/1168356703.mp3,2019-05-31 00:00:00
90,104,2,12,0,http://qiniuuwmp3.changba.com/1166466347.mp3,2019-05-25 00:00:00
91,224,6,9,2,http://qiniuuwmp3.changba.com/1164376495.mp3,2019-05-18 00:00:00
92,255,4,26,1,http://qiniuuwmp3.changba.com/1164345873.mp3,2019-05-18 00:00:00
93,62,3,4,1,http://qiniuuwmp3.changba.com/1163796689.mp3,2019-05-16 00:00:00
94,180,5,9,2,http://qiniuuwmp3.changba.com/1163791983.mp3,2019-05-16 00:00:00
95,70,1,9,0,http://upscuw.changba.com/1163331913.mp3,2019-05-14 00:00:00
96,78,3,2,1,http://qiniuuwmp3.changba.com/1163324997.mp3,2019-05-14 00:00:00
97,56,1,1,0,http://qiniuuwmp3.changba.com/1162683697.mp3,2019-05-12 00:00:00
98,63,2,4,0,http://qiniuuwmp3.changba.com/1162683288.mp3,2019-05-12 00:00:00
99,100,5,13,2,http://upscuw.changba.com/1162681123.mp3,2019-05-12 00:00:00
100,150,4,4,2,http://qiniuuwmp3.changba.com/1162443678.mp3,2019-05-11 00:00:00
101,136,6,11,2,http://upscuw.changba.com/1162132325.mp3,2019-05-10 00:00:00
102,75,5,17,0,http://upscuw.changba.com/1161407400.mp3,2019-05-07 00:00:00
103,135,4,6,0,http://qiniuuwmp3.changba.com/1161204472.mp3,2019-05-06 00:00:00
104,132,3,14,0,http://upscuw.changba.com/1161148108.mp3,2019-05-06 00:00:00
105,289,4,3,2,http://upscuw.changba.com/1160925115.mp3,2019-05-05 00:00:00
106,58,1,1,0,http://qiniuuwmp3.changba.com/1160723989.mp3,2019-05-04 00:00:00
107,144,5,4,1,http://qiniuuwmp3.changba.com/1159685667.mp3,2019-04-30 00:00:00
108,141,3,10,0,http://upscuw.changba.com/1158991324.mp3,2019-04-27 00:00:00
109,48,3,2,0,http://upscuw.changba.com/1158990329.mp3,2019-04-27 00:00:00
110,144,2,6,0,http://upscuw.changba.com/1158220017.mp3,2019-04-24 00:00:00
111,102,3,10,2,http://upscuw.changba.com/1157998607.mp3,2019-04-23 00:00:00
112,191,10,4,2,http://qiniuuwmp3.changba.com/1154900252.mp3,2019-04-11 00:00:00
113,87,3,3,0,http://upscuw.changba.com/1154432802.mp3,2019-04-09 00:00:00
114,145,5,18,0,http://qiniuuwmp3.changba.com/1154432784.mp3,2019-04-09 00:00:00
115,88,2,4,1,http://qiniuuwmp3.changba.com/1154432748.mp3,2019-04-09 00:00:00
116,112,5,5,0,http://qiniuuwmp3.changba.com/1153768489.mp3,2019-04-06 00:00:00
117,107,2,2,1,http://upscuw.changba.com/1153722437.mp3,2019-04-06 00:00:00
118,117,2,7,1,http://qiniuuwmp3.changba.com/1153427460.mp3,2019-04-05 00:00:00
119,372,15,29,5,http://upscuw.changba.com/1152714410.mp3,2019-04-04 00:00:00
120,157,3,3,0,http://qiniuuwmp3.changba.com/1152712896.mp3,2019-04-02 00:00:00
121,127,1,1,1,http://qiniuuwmp3.changba.com/1152712785.mp3,2019-04-02 00:00:00
122,,,,,,
123,171,5,5,1,http://upscuw.changba.com/1151439729.mp3,2019-03-28 00:00:00
124,67,2,1,0,http://qiniuuwmp3.changba.com/1151439589.mp3,2019-03-28 00:00:00
125,196,3,12,1,http://qiniuuwmp3.changba.com/1151196661.mp3,2019-03-27 00:00:00
126,120,3,3,0,http://qiniuuwmp3.changba.com/1150970580.mp3,2019-03-26 00:00:00
127,80,1,0,0,http://qiniuuwmp3.changba.com/1150969759.mp3,2019-03-26 00:00:00
128,98,3,7,2,http://upscuw.changba.com/1150543615.mp3,2019-03-24 00:00:00
129,122,10,5,0,http://upscuw.changba.com/1149412617.mp3,2019-03-20 00:00:00
130,83,2,2,0,http://upscuw.changba.com/1149406515.mp3,2019-03-20 00:00:00
131,99,3,4,0,http://qiniuuwmp3.changba.com/1149406249.mp3,2019-03-20 00:00:00
132,95,4,6,3,http://upscuw.changba.com/1149406123.mp3,2019-03-20 00:00:00
133,181,10,12,1,http://qiniuuwmp3.changba.com/1149174167.mp3,2019-03-19 00:00:00
134,88,3,9,0,http://qiniuuwmp3.changba.com/1148693761.mp3,2019-03-17 00:00:00
135,49,8,4,0,http://qiniuuwmp3.changba.com/1148687782.mp3,2019-03-17 00:00:00
136,49,3,4,0,http://upscuw.changba.com/1148682710.mp3,2019-03-17 00:00:00
137,322,15,20,2,http://upscuw.changba.com/1147904620.mp3,2019-03-15 00:00:00
138,49,4,7,0,http://qiniuuwmp3.changba.com/1147443267.mp3,2019-03-12 00:00:00
139,69,1,7,2,http://upscuw.changba.com/1147443238.mp3,2019-03-12 00:00:00
140,169,3,6,1,http://qiniuuwmp3.changba.com/1146444290.mp3,2019-03-08 00:00:00
141,64,4,8,0,http://upscuw.changba.com/1146425333.mp3,2019-03-08 00:00:00
142,1330,14,35,16,http://qiniuuwmp3.changba.com/1146176466.mp3,2019-03-07 00:00:00
143,419,11,28,7,http://upscuw.changba.com/1145930832.mp3,2019-03-06 00:00:00
144,264,5,18,1,http://qiniuuwmp3.changba.com/1145930568.mp3,2019-03-06 00:00:00
145,75,1,4,0,http://upscuw.changba.com/1144619907.mp3,2019-03-01 00:00:00
146,72,3,6,0,http://qiniuuwmp3.changba.com/1144619054.mp3,2019-03-01 00:00:00
147,90,4,5,0,http://qiniuuwmp3.changba.com/1143372899.mp3,2019-02-24 00:00:00
148,34,1,0,0,http://upscuw.changba.com/1143354021.mp3,2019-02-24 00:00:00
149,55,3,1,0,http://qiniuuwmp3.changba.com/1143353750.mp3,2019-02-24 00:00:00
150,30,1,1,0,http://qiniuuwmp3.changba.com/1143352552.mp3,2019-02-24 00:00:00
151,22,1,0,0,http://upscuw.changba.com/1143352129.mp3,2019-02-24 00:00:00
152,61,2,5,1,http://upscuw.changba.com/1143113508.mp3,2019-02-23 00:00:00
153,58,4,2,0,http://qiniuuwmp3.changba.com/1143112555.mp3,2019-02-23 00:00:00
154,56,4,2,2,http://qiniuuwmp3.changba.com/1143111980.mp3,2019-02-23 00:00:00
155,50,4,9,0,http://upscuw.changba.com/1143083811.mp3,2019-02-23 00:00:00
156,37,2,8,0,http://upscuw.changba.com/1143082026.mp3,2019-02-23 00:00:00
157,177,15,44,6,,2019-02-20 00:00:00
158,55,3,1,1,http://qiniuuwmp3.changba.com/1141521884.mp3,2019-02-17 00:00:00
159,111,4,8,0,http://qiniuuwmp3.changba.com/1141502980.mp3,2019-02-17 00:00:00
160,192,4,10,1,http://qiniuuwmp3.changba.com/1141501986.mp3,2019-02-17 00:00:00
161,50,1,7,0,http://upscuw.changba.com/1141271035.mp3,2019-02-16 00:00:00
162,58,4,3,0,http://qiniuuwmp3.changba.com/1141226048.mp3,2019-02-16 00:00:00
163,57,5,3,1,http://upscuw.changba.com/1141224515.mp3,2019-02-16 00:00:00
164,165,6,9,0,http://upscuw.changba.com/1140950042.mp3,2019-02-15 00:00:00
165,100,2,6,0,http://qiniuuwmp3.changba.com/1140949282.mp3,2019-02-15 00:00:00
166,72,3,4,0,http://qiniuuwmp3.changba.com/1140655254.mp3,2019-02-14 00:00:00
167,97,6,5,2,http://upscuw.changba.com/1140650344.mp3,2019-02-14 00:00:00
168,184,3,32,0,http://upscuw.changba.com/1140394202.mp3,2019-02-13 00:00:00
169,157,6,34,1,http://qiniuuwmp3.changba.com/1140391867.mp3,2019-02-13 00:00:00
170,161,2,4,0,http://upscuw.changba.com/1139155419.mp3,2019-02-08 00:00:00
171,,,,,,
172,71,5,2,0,http://qiniuuwmp3.changba.com/1138931167.mp3,2019-02-08 00:00:00
173,128,4,6,1,http://qiniuuwmp3.changba.com/1138699753.mp3,2019-02-06 00:00:00
174,76,1,1,2,http://upscuw.changba.com/1138699236.mp3,2019-02-06 00:00:00
175,108,2,3,0,https://qiniuuwmp3.changba.com/1138460777.mp3,2019-02-05 00:00:00
176,90,4,8,1,http://upscuw.changba.com/1138457210.mp3,2019-02-05 00:00:00
177,223,9,6,2,http://qiniuuwmp3.changba.com/1138288372.mp3,2019-02-04 00:00:00
178,145,10,27,1,http://qiniuuwmp3.changba.com/1137516980.mp3,2019-02-01 00:00:00
179,,,,,,
180,97,1,2,1,http://upscuw.changba.com/1137278935.mp3,2019-01-31 00:00:00
181,173,3,26,1,http://qiniuuwmp3.changba.com/1137273768.mp3,2019-01-31 00:00:00
182,45,1,3,0,http://qiniuuwmp3.changba.com/1137267471.mp3,2019-01-31 00:00:00
183,88,1,10,1,http://qiniuuwmp3.changba.com/1136770549.mp3,2019-01-29 00:00:00
184,94,2,6,0,http://qiniuuwmp3.changba.com/1136240548.mp3,2019-01-27 00:00:00
185,98,11,7,1,http://upscuw.changba.com/1135734537.mp3,2019-01-25 00:00:00
186,82,5,7,0,http://upscuw.changba.com/1135734014.mp3,2019-01-25 00:00:00
187,63,1,0,0,http://qiniuuwmp3.changba.com/1134976998.mp3,2019-01-22 00:00:00
188,128,4,3,1,http://upscuw.changba.com/1134976430.mp3,2019-01-22 00:00:00
189,52,2,6,0,http://upscuw.changba.com/1134794328.mp3,2019-01-21 00:00:00
190,39,1,0,0,http://qiniuuwmp3.changba.com/1134791480.mp3,2019-01-21 00:00:00
191,59,2,2,0,http://qiniuuwmp3.changba.com/1134480375.mp3,2019-01-20 00:00:00
192,106,1,1,1,http://qiniuuwmp3.changba.com/1134454989.mp3,2019-01-20 00:00:00
193,160,6,21,4,http://upscuw.changba.com/1133913740.mp3,2019-01-18 00:00:00
194,70,3,4,2,http://qiniuuwmp3.changba.com/1133655864.mp3,2019-01-17 00:00:00
195,41,1,1,0,http://qiniuuwmp3.changba.com/1133654478.mp3,2019-01-17 00:00:00
196,158,5,18,1,http://qiniuuwmp3.changba.com/1133414445.mp3,2019-01-16 00:00:00
197,58,3,2,0,http://upscuw.changba.com/1133154736.mp3,2019-01-15 00:00:00
198,45,2,0,0,http://upscuw.changba.com/1133153332.mp3,2019-01-15 00:00:00
199,39,1,0,0,http://upscuw.changba.com/1133149019.mp3,2019-01-15 00:00:00
200,33,2,2,0,http://qiniuuwmp3.changba.com/1132967554.mp3,2019-01-14 00:00:00
201,54,3,7,0,http://qiniuuwmp3.changba.com/1132895279.mp3,2019-01-14 00:00:00
202,92,4,4,0,http://upscuw.changba.com/1132685934.mp3,2019-01-13 00:00:00
203,70,1,6,0,http://qiniuuwmp3.changba.com/1132062478.mp3,2019-01-11 00:00:00
204,76,2,19,2,http://qiniuuwmp3.changba.com/1131796486.mp3,2019-01-10 00:00:00
205,101,2,2,0,http://upscuw.changba.com/1131793620.mp3,2019-01-10 00:00:00
206,80,5,4,1,http://qiniuuwmp3.changba.com/1131793564.mp3,2019-01-10 00:00:00
207,261,4,8,2,http://qiniuuwmp3.changba.com/1130777198.mp3,2019-01-06 00:00:00
208,58,3,8,0,http://upscuw.changba.com/1130758543.mp3,2019-01-06 00:00:00
209,84,5,3,0,http://qiniuuwmp3.changba.com/1130503157.mp3,2019-01-05 00:00:00
210,79,5,4,2,http://upscuw.changba.com/1130494640.mp3,2019-01-05 00:00:00
211,157,10,19,1,http://qiniuuwmp3.changba.com/1130218260.mp3,2019-01-04 00:00:00
212,262,16,24,2,http://qiniuuwmp3.changba.com/1130175385.mp3,2019-01-14 00:00:00
213,160,15,11,0,http://qiniuuwmp3.changba.com/1129990562.mp3,2019-01-03 00:00:00
214,48,4,3,0,http://qiniuuwmp3.changba.com/1129934989.mp3,2019-01-03 00:00:00
215,99,6,6,3,http://qiniuuwmp3.changba.com/1129119888.mp3,2018-12-31 00:00:00
216,198,7,9,2,http://upscuw.changba.com/1129115742.mp3,2018-12-31 00:00:00
217,253,6,20,3,http://upscuw.changba.com/1128866604.mp3,2018-12-30 00:00:00
218,295,4,22,2,http://qiniuuwmp3.changba.com/1128299361.mp3,2018-12-28 00:00:00
219,384,9,29,1,http://upscuw.changba.com/1127781532.mp3,2018-12-26 00:00:00
220,85,2,3,0,http://qiniuuwmp3.changba.com/1126666198.mp3,2018-12-22 00:00:00
221,71,2,1,0,http://upscuw.changba.com/1126666001.mp3,2018-12-22 00:00:00
222,187,4,7,2,http://qiniuuwmp3.changba.com/1124297047.mp3,2018-12-13 00:00:00
223,65,1,5,1,http://upscuw.changba.com/1124296201.mp3,2018-12-13 00:00:00
224,235,5,8,6,http://qiniuuwmp3.changba.com/1124034754.mp3,2018-12-12 00:00:00
225,166,6,14,1,http://qiniuuwmp3.changba.com/1123841465.mp3,2018-12-11 00:00:00
226,109,3,1,0,http://qiniuuwmp3.changba.com/1121892778.mp3,2018-12-04 00:00:00
227,106,4,10,0,http://upscuw.changba.com/1120483420.mp3,2018-11-29 00:00:00
228,109,2,3,0,http://qiniuuwmp3.changba.com/1120160455.mp3,2018-11-28 00:00:00
229,524,4,23,0,http://upscuw.changba.com/1119154408.mp3,2018-11-24 00:00:00
230,65,2,8,0,http://qiniuuwmp3.changba.com/1118295873.mp3,2018-11-21 00:00:00
231,196,4,4,0,http://qiniuuwmp3.changba.com/1118045970.mp3,2018-11-20 00:00:00
232,144,7,6,0,http://upscuw.changba.com/1114304633.mp3,2018-11-06 00:00:00
233,,,,,,
234,130,1,4,0,http://qiniuuwmp3.changba.com/1112137247.mp3,2018-10-29 00:00:00
235,123,6,6,0,http://qiniuuwmp3.changba.com/1111918880.mp3,2018-10-28 00:00:00
236,85,1,2,0,http://qiniuuwmp3.changba.com/1111906052.mp3,2018-10-28 00:00:00
237,118,3,3,0,http://qiniuuwmp3.changba.com/1111304598.mp3,2018-10-26 00:00:00
238,107,3,3,0,http://qiniuuwmp3.changba.com/1111302057.mp3,2018-10-26 00:00:00
239,99,4,8,0,http://qiniuuwmp3.changba.com/1111300592.mp3,2018-10-26 00:00:00
240,61,4,2,0,http://upscuw.changba.com/1111040515.mp3,2018-10-25 00:00:00
241,59,1,1,0,http://upscuw.changba.com/1111035326.mp3,2018-10-25 00:00:00
242,42,1,0,0,http://qiniuuwmp3.changba.com/1111033898.mp3,2018-10-25 00:00:00
243,116,2,3,0,http://qiniuuwmp3.changba.com/1110501371.mp3,2018-10-23 00:00:00
244,83,1,1,0,http://qiniuuwmp3.changba.com/1110499295.mp3,2018-10-23 00:00:00
245,86,3,3,0,http://upscuw.changba.com/1109992001.mp3,2018-10-21 00:00:00
246,85,3,5,0,https://qiniuuwmp3.changba.com/1109651977.mp3,2018-10-20 00:00:00
247,108,2,3,0,http://qiniuuwmp3.changba.com/1109651276.mp3,2018-10-20 00:00:00
248,158,9,35,0,http://qiniuuwmp3.changba.com/1109395472.mp3,2018-10-19 00:00:00
249,252,3,8,0,http://qiniuuwmp3.changba.com/1103872152.mp3,2018-09-28 00:00:00
250,109,9,8,1,http://upscuw.changba.com/1103646342.mp3,2018-09-27 00:00:00
251,366,9,19,1,http://qiniuuwmp3.changba.com/1103643875.mp3,2018-09-27 00:00:00
252,121,1,3,1,http://qiniuuwmp3.changba.com/1103155079.mp3,2018-09-25 00:00:00
253,145,4,12,0,http://upscuw.changba.com/1095995008.mp3,2018-08-29 00:00:00
254,162,2,7,0,http://upscuw.changba.com/1095722035.mp3,2018-08-28 00:00:00
255,98,1,3,0,http://upscuw.changba.com/1095721716.mp3,2018-08-28 00:00:00
256,128,1,2,0,http://upscuw.changba.com/1094592220.mp3,2018-08-24 00:00:00
257,203,7,24,1,http://qiniuuwmp3.changba.com/1094029886.mp3,2018-08-22 00:00:00
258,82,1,0,1,http://qiniuuwmp3.changba.com/1094028366.mp3,2018-08-22 00:00:00
259,58,2,1,0,http://qiniuuwmp3.changba.com/1094028246.mp3,2018-08-22 00:00:00
260,111,8,9,2,http://qiniuuwmp3.changba.com/1092889787.mp3,2018-08-18 00:00:00
261,150,5,5,2,http://qiniuuwmp3.changba.com/1092885888.mp3,2018-08-18 00:00:00
262,92,1,1,2,http://qiniuuwmp3.changba.com/1092884091.mp3,2018-08-18 00:00:00
263,106,1,8,0,http://qiniuuwmp3.changba.com/1092002072.mp3,2018-08-15 00:00:00
264,202,1,8,0,http://upscuw.changba.com/1091983628.mp3,2018-08-15 00:00:00
265,64,1,16,0,http://qiniuuwmp3.changba.com/1090846596.mp3,2018-08-11 00:00:00
266,234,10,20,2,http://qiniuuwmp3.changba.com/1090169657.mp3,2018-08-09 00:00:00
267,121,2,12,0,http://upscuw.changba.com/1089871206.mp3,2018-08-08 00:00:00
268,158,5,5,1,http://upscuw.changba.com/1081232221.mp3,2018-07-12 00:00:00
269,180,0,3,0,http://qiniuuwmp3.changba.com/1081227053.mp3,2018-07-12 00:00:00
270,530,11,23,3,http://upscuw.changba.com/1078581004.mp3,2018-07-04 00:00:00
271,106,7,7,0,http://qiniuuwmp3.changba.com/1078163149.mp3,2018-07-02 00:00:00
272,131,5,3,3,http://qiniuuwmp3.changba.com/1077226479.mp3,2018-06-30 00:00:00
273,128,2,11,0,http://upscuw.changba.com/1077226310.mp3,2018-06-30 00:00:00
274,98,4,7,0,http://qiniuuwmp3.changba.com/1076497647.mp3,2018-06-28 00:00:00
275,146,3,2,0,http://upscuw.changba.com/1076495910.mp3,2018-06-28 00:00:00
276,763,14,23,3,http://upscuw.changba.com/1074869014.mp3,2018-06-23 00:00:00
277,144,2,0,0,http://upscuw.changba.com/1074852002.mp3,2018-06-23 00:00:00
278,85,1,3,0,http://upscuw.changba.com/1074527837.mp3,2018-06-22 00:00:00
279,109,3,6,0,http://qiniuuwmp3.changba.com/1074517455.mp3,2018-06-22 00:00:00
280,75,2,2,0,http://qiniuuwmp3.changba.com/1074509767.mp3,2018-06-22 00:00:00
281,134,7,16,0,http://upscuw.changba.com/1073937214.mp3,2018-06-20 00:00:00
282,165,4,10,2,http://qiniuuwmp3.changba.com/1073303393.mp3,2018-06-18 00:00:00
283,213,5,15,1,http://upscuw.changba.com/1072581502.mp3,2018-06-16 00:00:00
284,58,2,5,0,http://qiniuuwmp3.changba.com/1072552391.mp3,2018-06-16 00:00:00
285,108,4,5,0,http://qiniuuwmp3.changba.com/1072273186.mp3,2018-06-15 00:00:00
286,103,3,4,0,http://qiniuuwmp3.changba.com/1071688956.mp3,2018-06-13 00:00:00
287,101,1,11,0,http://qiniuuwmp3.changba.com/1071305283.mp3,2018-06-12 00:00:00
288,83,1,5,0,http://upscuw.changba.com/1071305208.mp3,2018-06-12 00:00:00
289,117,1,11,0,http://upscuw.changba.com/1071014708.mp3,2018-06-11 00:00:00
290,651,10,32,6,http://upscuw.changba.com/1069951416.mp3,2018-06-08 00:00:00
291,352,8,12,1,http://qiniuuwmp3.changba.com/1069254645.mp3,2018-06-06 00:00:00
292,155,3,14,3,http://upscuw.changba.com/1068297624.mp3,2018-06-03 00:00:00
293,228,5,3,1,http://upscuw.changba.com/1068263902.mp3,2018-06-03 00:00:00
294,151,5,15,1,http://upscuw.changba.com/1067264541.mp3,2018-05-31 00:00:00
295,157,6,10,0,http://upscuw.changba.com/1066692717.mp3,2018-05-29 00:00:00
296,258,6,10,2,http://qiniuuwmp3.changba.com/1065582093.mp3,2018-05-26 00:00:00
297,121,7,11,0,http://qiniuuwmp3.changba.com/1063970357.mp3,2018-05-21 00:00:00
298,130,2,2,0,http://upscuw.changba.com/1063956817.mp3,2018-05-21 00:00:00
299,173,5,16,1,http://qiniuuwmp3.changba.com/1063954286.mp3,2018-05-21 00:00:00
300,140,9,10,0,http://upscuw.changba.com/1063918304.mp3,2018-05-20 00:00:00
301,67,4,0,2,http://qiniuuwmp3.changba.com/1063650097.mp3,2018-05-20 00:00:00
302,71,2,9,0,http://qiniuuwmp3.changba.com/1063641271.mp3,2018-05-20 00:00:00
303,52,7,8,0,http://qiniuuwmp3.changba.com/1063189490.mp3,2018-05-19 00:00:00
304,197,4,12,1,http://qiniuuwmp3.changba.com/1062563976.mp3,2018-05-17 00:00:00
305,58,1,0,0,http://qiniuuwmp3.changba.com/1062300682.mp3,2018-05-16 00:00:00
306,71,3,6,0,http://upscuw.changba.com/1050628936.mp3,2018-04-16 00:00:00
307,105,3,9,0,http://upscuw.changba.com/1048553614.mp3,2018-04-11 00:00:00
308,84,4,3,0,http://upscuw.changba.com/1048550013.mp3,2018-04-11 00:00:00
309,105,3,8,0,http://qiniuuwmp3.changba.com/1044453270.mp3,2018-04-01 00:00:00
310,83,3,2,1,http://qiniuuwmp3.changba.com/1044450755.mp3,2018-04-01 00:00:00
311,95,4,6,0,http://upscuw.changba.com/1042396219.mp3,2018-03-27 00:00:00
312,535,17,17,2,http://qiniuuwmp3.changba.com/1039661784.mp3,2018-03-23 00:00:00
313,175,2,6,0,http://upscuw.changba.com/1039655023.mp3,2018-03-20 00:00:00
314,189,8,8,0,http://qiniuuwmp3.changba.com/1038847053.mp3,2018-03-18 00:00:00
315,154,5,10,0,http://qiniuuwmp3.changba.com/1038832085.mp3,2018-03-18 00:00:00
316,96,3,15,1,http://upscuw.changba.com/1038807302.mp3,2018-03-18 00:00:00
317,135,7,13,0,http://upscuw.changba.com/1037151622.mp3,2018-03-14 00:00:00
318,72,3,2,0,http://upscuw.changba.com/1037138018.mp3,2018-03-14 00:00:00
319,129,2,2,1,http://upscuw.changba.com/1037136707.mp3,2018-03-14 00:00:00
320,182,7,7,0,http://qiniuuwmp3.changba.com/1036753583.mp3,2018-03-13 00:00:00
321,149,4,9,0,http://upscuw.changba.com/1036000222.mp3,2018-03-11 00:00:00
322,153,5,3,0,http://upscuw.changba.com/1034430930.mp3,2018-03-07 00:00:00
323,139,3,2,0,http://upscuw.changba.com/1032128425.mp3,2018-03-01 00:00:00
324,171,9,7,3,http://qiniuuwmp3.changba.com/1032090254.mp3,2018-03-01 00:00:00
325,179,8,15,5,http://upscuw.changba.com/1031280533.mp3,2018-02-27 00:00:00
326,176,4,8,4,http://qiniuuwmp3.changba.com/1029699088.mp3,2018-02-23 00:00:00
327,195,6,25,1,http://upscuw.changba.com/1029686717.mp3,2018-02-23 00:00:00
328,105,2,3,0,http://upscuw.changba.com/1029658711.mp3,2018-02-23 00:00:00
329,91,1,0,1,http://upscuw.changba.com/1028278203.mp3,2018-02-19 00:00:00
330,107,2,6,0,http://qiniuuwmp3.changba.com/1024926849.mp3,2018-02-10 00:00:00
331,89,5,12,2,http://qiniuuwmp3.changba.com/1024921583.mp3,2018-02-10 00:00:00
332,105,1,9,2,http://qiniuuwmp3.changba.com/1024577891.mp3,2018-02-09 00:00:00
333,126,4,3,0,http://upscuw.changba.com/1022111834.mp3,2018-02-03 00:00:00
334,204,6,18,1,http://qiniuuwmp3.changba.com/1022102699.mp3,2018-02-03 00:00:00
335,126,4,2,1,http://qiniuuwmp3.changba.com/1021702366.mp3,2018-02-02 00:00:00
336,84,2,0,0,http://upscuw.changba.com/1021695403.mp3,2018-02-02 00:00:00
337,83,2,2,0,http://qiniuuwmp3.changba.com/1021651766.mp3,2018-02-02 00:00:00
338,56,1,1,0,http://upscuw.changba.com/1021646420.mp3,2018-02-02 00:00:00
339,181,5,14,1,http://upscuw.changba.com/1020778904.mp3,2018-01-31 00:00:00
340,62,1,4,0,http://upscuw.changba.com/1020774224.mp3,2018-01-31 00:00:00
341,95,3,3,0,http://upscuw.changba.com/1019495428.mp3,2018-01-28 00:00:00
342,67,2,3,0,http://upscuw.changba.com/1019495028.mp3,2018-01-28 00:00:00
343,175,6,11,2,http://upscuw.changba.com/1019018741.mp3,2018-01-27 00:00:00
344,79,4,3,0,http://qiniuuwmp3.changba.com/1019014371.mp3,2018-01-27 00:00:00
345,188,11,12,13,http://upscuw.changba.com/1018994909.mp3,2018-01-28 00:00:00
346,175,2,6,0,http://qiniuuwmp3.changba.com/1017716347.mp3,2018-01-24 00:00:00
347,156,4,7,1,http://upscuw.changba.com/1017710737.mp3,2018-01-24 00:00:00
348,290,13,18,2,http://qiniuuwmp3.changba.com/1015914897.mp3,2018-01-26 00:00:00
349,101,6,20,1,http://upscuw.changba.com/1014223333.mp3,2018-01-16 00:00:00
350,53,2,5,0,http://upscuw.changba.com/1013355533.mp3,2018-01-14 00:00:00
351,91,8,7,1,http://qiniuuwmp3.changba.com/1012525489.mp3,2018-01-12 00:00:00
352,97,5,7,1,http://upscuw.changba.com/1012114126.mp3,2018-01-11 00:00:00
353,68,4,11,0,http://upscuw.changba.com/1012093219.mp3,2018-01-11 00:00:00
354,55,3,8,0,http://upscuw.changba.com/1011300034.mp3,2018-01-09 00:00:00
355,46,3,4,0,http://qiniuuwmp3.changba.com/1010726659.mp3,2018-01-08 00:00:00
356,56,4,2,2,http://upscuw.changba.com/1010720319.mp3,2018-01-08 00:00:00
357,58,2,1,0,http://upscuw.changba.com/1010292527.mp3,2018-01-07 00:00:00
358,61,4,2,1,http://qiniuuwmp3.changba.com/1009804389.mp3,2018-01-06 00:00:00
359,61,7,4,2,http://qiniuuwmp3.changba.com/1009794058.mp3,2018-01-06 00:00:00
360,89,3,5,0,http://upscuw.changba.com/1009774142.mp3,2018-01-06 00:00:00
361,59,5,3,0,http://qiniuuwmp3.changba.com/1009754158.mp3,2018-01-06 00:00:00
362,47,2,3,0,http://qiniuuwmp3.changba.com/1009345849.mp3,2018-01-05 00:00:00
363,43,3,0,1,http://qiniuuwmp3.changba.com/1009330558.mp3,2018-01-05 00:00:00
364,55,1,1,0,http://upscuw.changba.com/1008467021.mp3,2018-01-03 00:00:00
365,33,1,0,0,http://upscuw.changba.com/1008436504.mp3,2018-01-03 00:00:00
366,50,2,1,0,http://upscuw.changba.com/1008434117.mp3,2018-01-03 00:00:00
367,63,4,2,1,http://qiniuuwmp3.changba.com/1007655290.mp3,2018-01-01 00:00:00
368,52,3,3,0,http://qiniuuwmp3.changba.com/1007572482.mp3,2018-01-01 00:00:00
369,68,1,6,1,http://upscuw.changba.com/1007567705.mp3,2018-01-01 00:00:00
370,46,7,1,2,http://upscuw.changba.com/1007226608.mp3,2017-12-31 00:00:00
371,43,2,0,0,http://upscuw.changba.com/1007220209.mp3,2017-12-31 00:00:00
372,83,4,1,3,http://upscuw.changba.com/1007212411.mp3,2017-12-31 00:00:00
373,171,6,14,4,http://qiniuuwmp3.changba.com/1005178193.mp3,2017-12-26 00:00:00
374,94,3,2,1,http://upscuw.changba.com/1005157238.mp3,2017-12-26 00:00:00
375,154,2,11,0,http://qiniuuwmp3.changba.com/1004723879.mp3,2017-12-25 00:00:00
376,77,2,7,0,http://qiniuuwmp3.changba.com/1004718378.mp3,2017-12-25 00:00:00
377,75,2,7,2,http://upscuw.changba.com/1004714706.mp3,2017-12-25 00:00:00
378,36,2,1,0,http://upscuw.changba.com/1004348835.mp3,2017-12-24 00:00:00
379,53,5,4,1,http://qiniuuwmp3.changba.com/1004341556.mp3,2017-12-24 00:00:00
380,55,6,1,4,http://qiniuuwmp3.changba.com/1004334554.mp3,2017-12-24 00:00:00
381,61,2,0,0,http://qiniuuwmp3.changba.com/1004319776.mp3,2017-12-24 00:00:00
382,91,3,11,0,http://qiniuuwmp3.changba.com/1000799773.mp3,2017-12-15 00:00:00
383,479,7,21,5,https://qiniuuwmp3.changba.com/998301777.mp3,2017-12-09 00:00:00
384,225,1,3,0,http://qiniuuwmp3.changba.com/998298067.mp3,2017-12-09 00:00:00
385,98,1,2,0,http://qiniuuwmp3.changba.com/997928655.mp3,2017-12-08 00:00:00
386,132,2,11,1,http://upscuw.changba.com/997921318.mp3,2017-12-08 00:00:00
387,94,5,6,1,http://qiniuuwmp3.changba.com/997916160.mp3,2017-12-08 00:00:00
388,126,5,12,0,http://upscuw.changba.com/996775007.mp3,2017-12-05 00:00:00
389,399,10,16,1,http://qiniuuwmp3.changba.com/995930055.mp3,2017-12-03 00:00:00
390,117,5,19,2,http://qiniuuwmp3.changba.com/990407454.mp3,2017-11-19 00:00:00
391,222,7,24,2,http://upscuw.changba.com/979883036.mp3,2017-10-24 00:00:00
392,132,10,18,5,http://qiniuuwmp3.changba.com/966316880.mp3,2017-09-23 00:00:00
393,131,2,6,4,http://ksapuw.changba.com/userdata/userwork/114/965812114.mp3,2017-09-22 00:00:00
394,,,,,,
395,87,4,5,1,http://qiniuuwmp3.changba.com/964869455.mp3,2017-09-20 00:00:00
396,92,4,11,1,http://upscuw.changba.com/964351202.mp3,2017-09-19 00:00:00
397,77,4,8,1,http://upscuw.changba.com/964340707.mp3,2017-09-19 00:00:00
398,80,0,4,0,http://upscuw.changba.com/964324741.mp3,
399,222,16,35,0,,2017-09-16 00:00:00
400,71,3,13,0,http://upscuw.changba.com/961782114.mp3,2017-09-14 00:00:00
401,100,0,3,1,http://qiniuuwmp3.changba.com/961766966.mp3,
402,74,3,14,0,http://qiniuuwmp3.changba.com/960790250.mp3,2017-09-12 00:00:00
403,62,3,2,0,http://qiniuuwmp3.changba.com/960780571.mp3,2017-09-12 00:00:00
404,85,2,6,0,http://upscuw.changba.com/960768404.mp3,2017-09-12 00:00:00
405,85,4,8,1,http://upscuw.changba.com/958604706.mp3,2017-09-08 00:00:00
406,56,0,0,0,http://qiniuuwmp3.changba.com/957415591.mp3,
407,76,3,5,0,http://upscuw.changba.com/957407227.mp3,2017-09-06 00:00:00
408,87,1,10,1,http://qiniuuwmp3.changba.com/955865680.mp3,2017-09-05 00:00:00
409,89,4,8,0,http://ksapuw.changba.com/userdata/userwork/835/954789835.mp3,2017-09-01 00:00:00
410,80,3,3,0,http://upscuw.changba.com/954767907.mp3,2017-09-01 00:00:00
411,212,4,14,2,http://qiniuuwmp3.changba.com/953743670.mp3,2017-08-30 00:00:00
412,80,2,2,1,http://upscuw.changba.com/949135034.mp3,2017-08-22 00:00:00
413,58,2,9,0,http://qiniuuwmp3.changba.com/949119173.mp3,2017-08-21 00:00:00
414,45,4,7,0,http://ksapuw.changba.com/userdata/userwork/914/948025914.mp3,2017-08-19 00:00:00
415,51,1,1,0,http://qiniuuwmp3.changba.com/945209772.mp3,2017-08-14 00:00:00
416,69,2,3,0,http://qiniuuwmp3.changba.com/941556787.mp3,2017-08-09 00:00:00
417,64,4,8,0,http://upscuw.changba.com/940212430.mp3,2017-08-05 00:00:00
418,106,10,8,0,http://qiniuuwmp3.changba.com/940167748.mp3,2017-08-05 00:00:00
419,123,14,10,3,http://upscuw.changba.com/939299137.mp3,2017-08-04 00:00:00
420,110,3,8,0,http://qiniuuwmp3.changba.com/936627556.mp3,2017-07-30 00:00:00
421,87,8,7,2,http://qiniuuwmp3.changba.com/936604956.mp3,2017-07-30 00:00:00
422,142,6,10,1,http://upscuw.changba.com/936201217.mp3,2017-07-29 00:00:00
423,57,2,3,0,http://qiniuuwmp3.changba.com/934988767.mp3,2017-07-27 00:00:00
424,102,4,11,0,http://ksapuw.changba.com/userdata/userwork/219/933297219.mp3,2017-07-24 00:00:00
425,178,6,6,0,http://qiniuuwmp3.changba.com/932863683.mp3,2017-07-24 00:00:00
426,86,2,4,0,http://upscuw.changba.com/929442025.mp3,2017-07-17 00:00:00
427,65,8,3,0,http://upscuw.changba.com/926899817.mp3,2017-07-13 00:00:00
428,88,6,6,4,http://qiniuuwmp3.changba.com/925323968.mp3,2017-07-10 00:00:00
429,198,7,16,1,http://ksapuw.changba.com/userdata/userwork/324/924424324.mp3,2017-07-09 00:00:00
430,103,1,5,0,http://upuwmp3.changba.com/userdata/userwork/544/924414544.mp3,2017-08-06 00:00:00
431,168,6,33,5,http://ksapuw.changba.com/userdata/userwork/15/923869015.mp3,2017-07-08 00:00:00
432,153,4,8,0,http://upuwmp3.changba.com/userdata/userwork/992/923223992.mp3,2017-07-07 00:00:00
433,335,9,6,3,http://upscuw.changba.com/922614032.mp3,2017-07-06 00:00:00
434,154,2,6,0,http://upscuw.changba.com/922282420.mp3,2017-07-05 00:00:00
435,102,6,16,2,http://qiniuuwmp3.changba.com/922259446.mp3,2017-07-06 00:00:00
436,74,1,1,0,http://qiniuuwmp3.changba.com/922241868.mp3,2017-07-05 00:00:00
437,68,2,0,0,http://qiniuuwmp3.changba.com/921531463.mp3,2017-07-04 00:00:00
438,116,4,3,1,http://upscuw.changba.com/921398911.mp3,2017-07-05 00:00:00
439,98,2,5,1,http://upscuw.changba.com/920776710.mp3,2017-07-03 00:00:00
440,72,1,1,0,http://qiniuuwmp3.changba.com/920742572.mp3,2017-07-03 00:00:00
441,101,3,5,1,http://qiniuuwmp3.changba.com/920019165.mp3,2017-07-02 00:00:00
442,123,3,0,1,http://qiniuuwmp3.changba.com/919980476.mp3,2017-07-02 00:00:00
443,118,5,10,0,http://ksapuw.changba.com/userdata/userwork/719/919648719.mp3,2017-07-01 00:00:00
444,172,4,7,1,http://qiniuuwmp3.changba.com/919462661.mp3,2017-07-01 00:00:00
445,191,16,43,4,http://upscuw.changba.com/918995940.mp3,2017-07-01 00:00:00
446,122,1,6,2,http://qiniuuwmp3.changba.com/918929483.mp3,2017-07-03 00:00:00
447,74,4,10,0,http://upscuw.changba.com/917740530.mp3,2017-06-28 00:00:00
448,111,5,3,1,http://qiniuuwmp3.changba.com/917411473.mp3,2017-06-28 00:00:00
449,286,8,7,4,http://qiniuuwmp3.changba.com/917084179.mp3,2017-06-27 00:00:00
450,145,1,3,1,http://upscuw.changba.com/916214512.mp3,2017-06-26 00:00:00
451,89,3,5,0,http://upscuw.changba.com/916201501.mp3,2017-06-26 00:00:00
452,105,5,4,0,http://upscuw.changba.com/916194430.mp3,2017-06-26 00:00:00
453,113,3,5,0,http://qiniuuwmp3.changba.com/915780272.mp3,2017-06-25 00:00:00
454,754,21,26,6,http://upscuw.changba.com/915463313.mp3,2018-05-03 00:00:00
455,470,20,32,8,http://upscuw.changba.com/914989210.mp3,2017-06-25 00:00:00
456,100,4,13,0,http://qiniuuwmp3.changba.com/914861493.mp3,2017-06-24 00:00:00
457,979,39,58,35,http://qiniuuwmp3.changba.com/913893667.mp3,2017-06-23 00:00:00
458,109,4,7,0,http://upscuw.changba.com/913765140.mp3,2017-06-22 00:00:00
459,805,19,24,7,http://qiniuuwmp3.changba.com/913334868.mp3,2017-10-19 00:00:00
460,109,7,8,1,http://upscuw.changba.com/910188116.mp3,2017-06-16 00:00:00
461,47,1,0,0,http://upscuw.changba.com/910163833.mp3,2017-06-16 00:00:00
462,114,5,2,2,http://upuwmp3.changba.com/userdata/userwork/895/909521895.mp3,2017-06-15 00:00:00
463,121,5,3,0,http://qiniuuwmp3.changba.com/904925453.mp3,2017-06-08 00:00:00
464,195,19,24,3,http://qiniuuwmp3.changba.com/904153178.mp3,2017-06-08 00:00:00
465,107,2,2,3,http://upscuw.changba.com/897974525.mp3,2017-05-27 00:00:00
466,94,6,5,0,http://qiniuuwmp3.changba.com/897916153.mp3,2017-05-27 00:00:00
467,134,5,8,0,http://upscuw.changba.com/897884433.mp3,2017-05-27 00:00:00
468,73,1,4,0,http://qiniuuwmp3.changba.com/897361551.mp3,2017-07-14 00:00:00
469,,,,,,
470,110,3,3,0,http://upscuw.changba.com/896799641.mp3,2017-05-27 00:00:00
471,94,3,8,2,http://upscuw.changba.com/896162306.mp3,2017-06-11 00:00:00
472,71,2,0,0,http://upscuw.changba.com/895524530.mp3,2017-05-24 00:00:00
473,57,3,1,0,http://upscuw.changba.com/895505122.mp3,2017-05-23 00:00:00
474,62,3,3,0,http://upscuw.changba.com/895498030.mp3,2017-05-23 00:00:00
475,171,5,5,1,http://upscuw.changba.com/894142721.mp3,2017-05-21 00:00:00
476,113,1,4,0,http://ksapuw.changba.com/userdata/userwork/931/893705931.mp3,2017-05-21 00:00:00
477,224,8,16,0,http://upuwmp3.changba.com/userdata/userwork/293/893669293.mp3,2017-05-20 00:00:00
478,,,,,,
479,81,1,0,0,http://qiniuuwmp3.changba.com/892272855.mp3,2017-05-18 00:00:00
480,81,3,2,1,http://qiniuuwmp3.changba.com/892256263.mp3,2017-05-18 00:00:00
481,65,5,1,3,http://upscuw.changba.com/892241044.mp3,2017-05-18 00:00:00
482,79,3,2,0,http://ksapuw.changba.com/userdata/userwork/336/892031336.mp3,2017-05-17 00:00:00
483,74,6,6,0,http://upuwmp3.changba.com/userdata/userwork/851/891922851.mp3,2017-05-17 00:00:00
484,,,,,,
485,79,1,3,0,http://qiniuuwmp3.changba.com/891415189.mp3,2017-05-16 00:00:00
486,31,1,2,0,http://qiniuuwmp3.changba.com/891404852.mp3,2017-05-17 00:00:00
487,85,1,1,0,http://upscuw.changba.com/891386942.mp3,2017-05-16 00:00:00
488,75,2,0,0,http://qiniuuwmp3.changba.com/890879863.mp3,2017-05-15 00:00:00
489,189,4,9,1,http://qiniuuwmp3.changba.com/890866361.mp3,2017-05-15 00:00:00
490,106,9,4,3,http://qiniuuwmp3.changba.com/890848668.mp3,2017-05-15 00:00:00
491,87,3,2,0,http://upuwmp3.changba.com/userdata/userwork/146/890522146.mp3,2017-05-14 00:00:00
492,71,6,3,1,http://upuwmp3.changba.com/userdata/userwork/877/890485877.mp3,2017-05-14 00:00:00
493,99,8,4,2,http://upuwmp3.changba.com/userdata/userwork/865/890450865.mp3,2017-05-14 00:00:00
494,101,2,1,0,http://ksapuw.changba.com/userdata/userwork/333/890384333.mp3,2017-05-14 00:00:00
495,114,7,5,3,http://upuwmp3.changba.com/userdata/userwork/585/890026585.mp3,2017-05-14 00:00:00
496,122,0,6,0,http://upscuw.changba.com/889447722.mp3,
497,120,4,3,0,http://upscuw.changba.com/888856026.mp3,2017-05-12 00:00:00
498,109,3,7,0,http://qiniuuwmp3.changba.com/888836851.mp3,2017-05-12 00:00:00
499,198,6,10,3,http://upscuw.changba.com/888496512.mp3,2017-05-11 00:00:00
500,79,1,1,0,http://upscuw.changba.com/887336834.mp3,2017-05-09 00:00:00
501,58,2,2,1,http://upscuw.changba.com/887323601.mp3,2017-05-09 00:00:00
502,39,1,2,0,http://upscuw.changba.com/887292607.mp3,2017-05-11 00:00:00
503,130,14,10,3,http://upscuw.changba.com/886934501.mp3,2017-05-08 00:00:00
504,146,3,2,2,http://upscuw.changba.com/886886519.mp3,2017-05-08 00:00:00
505,66,3,1,2,http://qiniuuwmp3.changba.com/886810595.mp3,2017-05-08 00:00:00
506,112,6,11,0,http://qiniuuwmp3.changba.com/886574070.mp3,2017-05-08 00:00:00
507,174,6,6,0,http://qiniuuwmp3.changba.com/886005790.mp3,2017-05-07 00:00:00
508,85,7,2,2,http://qiniuuwmp3.changba.com/885960250.mp3,2017-05-07 00:00:00
509,52,2,6,0,http://qiniuuwmp3.changba.com/885946184.mp3,2017-05-07 00:00:00
510,136,10,10,1,http://qiniuuwmp3.changba.com/885338868.mp3,2017-05-06 00:00:00
511,39,0,5,0,http://upscuw.changba.com/885337023.mp3,
512,61,5,4,1,http://upscuw.changba.com/885036815.mp3,2017-05-05 00:00:00
513,58,3,4,0,http://upscuw.changba.com/885006923.mp3,2017-05-05 00:00:00
514,47,1,2,0,http://qiniuuwmp3.changba.com/884979863.mp3,2017-05-05 00:00:00
515,84,10,8,1,http://qiniuuwmp3.changba.com/884791647.mp3,2017-05-05 00:00:00
516,149,6,15,3,http://upscuw.changba.com/882218212.mp3,2017-04-30 00:00:00
517,102,1,2,0,http://qiniuuwmp3.changba.com/882195157.mp3,2017-04-30 00:00:00
518,208,6,12,5,http://upscuw.changba.com/880716037.mp3,2017-04-28 00:00:00
519,102,2,1,0,http://upscuw.changba.com/880488815.mp3,2017-04-27 00:00:00
520,88,5,2,2,http://qiniuuwmp3.changba.com/880458892.mp3,2017-04-27 00:00:00
521,165,4,6,0,http://qiniuuwmp3.changba.com/879653645.mp3,2017-04-26 00:00:00
522,86,5,10,0,http://upscuw.changba.com/879609134.mp3,2017-04-26 00:00:00
523,155,10,23,6,http://upuwmp3.changba.com/userdata/userwork/443/879266443.mp3,2017-04-25 00:00:00
524,131,2,10,2,http://qiniuuwmp3.changba.com/878645893.mp3,2017-04-24 00:00:00
525,101,4,3,0,http://qiniuuwmp3.changba.com/878612388.mp3,2017-04-24 00:00:00
526,92,5,14,0,http://qiniuuwmp3.changba.com/878018761.mp3,2017-04-23 00:00:00
527,58,6,1,0,http://qiniuuwmp3.changba.com/877671599.mp3,2017-04-22 00:00:00
528,81,0,3,0,http://qiniuuwmp3.changba.com/877597163.mp3,
529,73,5,9,0,http://ksapuw.changba.com/userdata/userwork/938/877155938.mp3,2017-04-22 00:00:00
530,178,6,14,4,http://upuwmp3.changba.com/userdata/userwork/48/877116048.mp3,2017-04-21 00:00:00
531,90,1,4,0,http://upscuw.changba.com/876270022.mp3,2017-04-20 00:00:00
532,78,3,7,1,http://qiniuuwmp3.changba.com/876261083.mp3,2017-04-20 00:00:00
533,201,6,14,2,http://qiniuuwmp3.changba.com/876252058.mp3,2017-04-20 00:00:00
534,87,6,5,1,http://qiniuuwmp3.changba.com/876043368.mp3,2017-04-19 00:00:00
535,76,4,7,2,http://upscuw.changba.com/876032223.mp3,2017-04-19 00:00:00
536,86,8,9,1,http://upscuw.changba.com/875995824.mp3,2017-04-19 00:00:00
537,58,5,9,1,http://qiniuuwmp3.changba.com/875858356.mp3,2017-04-19 00:00:00
538,139,11,17,2,http://upuwmp3.changba.com/userdata/userwork/457/875391457.mp3,2017-04-18 00:00:00
539,75,7,20,1,http://qiniuuwmp3.changba.com/874966881.mp3,2017-04-17 00:00:00
540,164,11,12,3,,2017-04-16 00:00:00
541,109,7,19,3,,2017-04-15 00:00:00
542,108,5,5,3,http://upscuw.changba.com/865167937.mp3,2017-04-01 00:00:00
543,125,3,11,0,http://qiniuuwmp3.changba.com/865166978.mp3,2017-04-01 00:00:00
544,618,9,23,1,http://upscuw.changba.com/865166040.mp3,2017-04-01 00:00:00
545,231,6,9,3,http://upscuw.changba.com/865164635.mp3,2017-04-01 00:00:00
546,149,4,12,0,http://qiniuuwmp3.changba.com/865152593.mp3,2017-04-03 00:00:00
547,117,8,7,4,http://qiniuuwmp3.changba.com/865127356.mp3,2017-04-01 00:00:00
548,143,3,10,0,http://qiniuuwmp3.changba.com/864779163.mp3,2017-03-31 00:00:00
549,87,3,5,0,http://qiniuuwmp3.changba.com/864711476.mp3,2017-03-31 00:00:00
550,205,11,14,4,http://qiniuuwmp3.changba.com/863526645.mp3,2017-03-29 00:00:00
551,113,5,3,0,http://qiniuuwmp3.changba.com/863480452.mp3,2017-03-29 00:00:00
552,133,9,9,2,http://qiniuuwmp3.changba.com/862934597.mp3,2017-03-28 00:00:00
553,491,17,23,7,http://upscuw.changba.com/862697725.mp3,2017-09-29 00:00:00
554,1682,28,56,12,http://qiniuuwmp3.changba.com/862687089.mp3,2018-05-07 00:00:00
555,299,16,30,10,http://qiniuuwmp3.changba.com/862188450.mp3,2017-03-28 00:00:00
556,137,4,4,0,http://qiniuuwmp3.changba.com/862161272.mp3,2017-03-27 00:00:00
557,,,,,,
558,175,19,9,3,http://qiniuuwmp3.changba.com/861900098.mp3,2017-03-27 00:00:00
559,569,12,29,6,http://upscuw.changba.com/861873409.mp3,2017-03-27 00:00:00
560,304,9,18,1,http://qiniuuwmp3.changba.com/857238287.mp3,2017-03-19 00:00:00
561,374,11,11,8,http://qiniuuwmp3.changba.com/856584349.mp3,2018-08-01 00:00:00
562,842,21,55,21,http://qiniuuwmp3.changba.com/856547965.mp3,2017-06-03 00:00:00
563,148,9,4,2,http://qiniuuwmp3.changba.com/855911790.mp3,2017-03-18 00:00:00
564,130,6,10,1,http://qiniuuwmp3.changba.com/855885557.mp3,2017-03-17 00:00:00
565,780,28,29,4,http://qiniuuwmp3.changba.com/855327986.mp3,2017-03-20 00:00:00
566,169,7,5,3,http://upscuw.changba.com/855297934.mp3,2017-03-16 00:00:00
567,158,5,3,4,http://qiniuuwmp3.changba.com/855252268.mp3,2017-03-16 00:00:00
568,394,6,6,7,http://upuwmp3.changba.com/userdata/userwork/944/854436944.mp3,2017-03-15 00:00:00
569,203,2,3,4,http://upuwmp3.changba.com/userdata/userwork/861/854422861.mp3,2017-03-15 00:00:00
570,312,13,16,2,http://qiniuuwmp3.changba.com/854185147.mp3,2017-03-15 00:00:00
571,141,4,13,1,http://upscuw.changba.com/854143715.mp3,2017-03-14 00:00:00
572,143,10,8,3,http://qiniuuwmp3.changba.com/853048778.mp3,2017-03-12 00:00:00
573,319,11,15,6,http://upscuw.changba.com/853006144.mp3,2017-03-12 00:00:00
574,138,8,9,0,http://upuwmp3.changba.com/userdata/userwork/95/852285095.mp3,2017-03-11 00:00:00
575,108,11,20,1,http://upuwmp3.changba.com/userdata/userwork/762/851947762.mp3,2017-03-11 00:00:00
576,257,22,19,10,http://qiniuuwmp3.changba.com/851128770.mp3,2017-03-10 00:00:00
577,319,20,26,12,http://qiniuuwmp3.changba.com/851096168.mp3,2017-03-11 00:00:00
578,158,17,21,3,http://upscuw.changba.com/851042532.mp3,2017-03-10 00:00:00
579,158,8,13,3,http://upscuw.changba.com/849632739.mp3,2017-03-06 00:00:00
580,90,12,13,1,http://qiniuuwmp3.changba.com/849581049.mp3,2017-03-06 00:00:00
581,181,7,5,2,http://qiniuuwmp3.changba.com/848385499.mp3,2017-03-04 00:00:00
582,117,6,6,1,http://qiniuuwmp3.changba.com/848328682.mp3,2017-03-04 00:00:00
583,1296,71,53,38,http://qiniuuwmp3.changba.com/845111673.mp3,2017-03-29 00:00:00
584,1057,24,53,8,http://upscuw.changba.com/845099309.mp3,2017-06-19 00:00:00
585,137,1,1,0,http://qiniuuwmp3.changba.com/845088583.mp3,2017-02-26 00:00:00
586,123,6,15,3,http://qiniuuwmp3.changba.com/844166890.mp3,2017-02-24 00:00:00
587,117,3,3,2,http://upuwmp3.changba.com/userdata/userwork/275/844009275.mp3,2017-02-24 00:00:00
588,198,3,8,2,http://qiniuuwmp3.changba.com/843984871.mp3,2017-02-24 00:00:00
589,120,3,6,1,http://ksapuw.changba.com/userdata/userwork/215/843702215.mp3,2017-02-23 00:00:00
590,131,8,10,2,http://upscuw.changba.com/842447823.mp3,2017-02-21 00:00:00
591,62,0,2,0,http://upscuw.changba.com/842430517.mp3,
592,119,4,4,2,http://qiniuuwmp3.changba.com/842411646.mp3,2017-02-21 00:00:00
593,78,4,2,0,http://qiniuuwmp3.changba.com/842404266.mp3,2017-02-21 00:00:00
594,128,2,3,1,http://qiniuuwmp3.changba.com/841932095.mp3,2017-02-20 00:00:00
595,160,8,12,5,http://upscuw.changba.com/841910220.mp3,2017-02-20 00:00:00
596,92,1,12,3,http://qiniuuwmp3.changba.com/841781374.mp3,2017-02-20 00:00:00
597,96,6,17,3,http://qiniuuwmp3.changba.com/838880171.mp3,2017-02-14 00:00:00
598,133,7,12,8,http://qiniuuwmp3.changba.com/838061479.mp3,2017-02-13 00:00:00
599,96,5,16,0,http://qiniuuwmp3.changba.com/837208981.mp3,2017-02-11 00:00:00
600,127,4,5,0,http://qiniuuwmp3.changba.com/837170963.mp3,2017-02-11 00:00:00
601,652,17,33,24,http://qiniuuwmp3.changba.com/834556471.mp3,2017-02-07 00:00:00
602,171,2,5,3,http://upuwmp3.changba.com/userdata/userwork/94/834374094.mp3,2017-02-06 00:00:00
603,131,2,4,1,http://upscuw.changba.com/833206502.mp3,2017-02-05 00:00:00
604,386,12,20,3,http://upscuw.changba.com/833204302.mp3,2017-02-04 00:00:00
605,137,7,7,1,http://upscuw.changba.com/828990744.mp3,2017-01-26 00:00:00
606,113,2,8,1,http://qiniuuwmp3.changba.com/828985089.mp3,2017-01-26 00:00:00
607,324,8,32,5,http://upscuw.changba.com/828154822.mp3,2017-01-24 00:00:00
608,200,4,9,0,http://qiniuuwmp3.changba.com/826307597.mp3,2017-01-20 00:00:00
609,281,9,29,3,http://upuwmp3.changba.com/userdata/userwork/182/825463182.mp3,2017-01-19 00:00:00
610,780,36,54,22,http://upscuw.changba.com/820978128.mp3,2018-03-22 00:00:00
611,201,5,6,0,http://qiniuuwmp3.changba.com/819717689.mp3,2017-01-09 00:00:00
612,172,7,20,4,http://qiniuuwmp3.changba.com/819668686.mp3,2017-01-08 00:00:00
613,158,11,26,2,http://qiniuuwmp3.changba.com/817888569.mp3,2017-01-06 00:00:00
614,99,5,5,3,http://upscuw.changba.com/817884839.mp3,2017-01-05 00:00:00
615,134,3,4,0,http://upscuw.changba.com/816433344.mp3,2017-01-08 00:00:00
616,175,9,9,1,http://qiniuuwmp3.changba.com/815647855.mp3,2017-01-01 00:00:00
617,147,4,10,0,http://qiniuuwmp3.changba.com/815639981.mp3,2017-01-01 00:00:00
618,173,16,14,4,http://qiniuuwmp3.changba.com/815634899.mp3,2017-02-03 00:00:00
619,72,5,1,2,http://qiniuuwmp3.changba.com/815004363.mp3,2016-12-31 00:00:00
620,194,4,16,2,http://upscuw.changba.com/814952411.mp3,2016-12-31 00:00:00
621,83,3,3,1,http://qiniuuwmp3.changba.com/814343869.mp3,2016-12-31 00:00:00
622,357,16,16,6,http://qiniuuwmp3.changba.com/814292951.mp3,2017-02-26 00:00:00
623,78,0,13,2,http://upscuw.changba.com/813757803.mp3,
624,108,1,2,0,http://qiniuuwmp3.changba.com/811451361.mp3,2016-12-25 00:00:00
625,72,4,4,1,http://qiniuuwmp3.changba.com/811002849.mp3,2016-12-24 00:00:00
626,120,5,10,0,http://qiniuuwmp3.changba.com/810964590.mp3,2016-12-24 00:00:00
627,96,3,7,11,http://qiniuuwmp3.changba.com/810851263.mp3,2016-12-24 00:00:00
628,119,6,5,2,http://qiniuuwmp3.changba.com/809635567.mp3,2016-12-22 00:00:00
629,441,19,30,8,http://upscuw.changba.com/809623828.mp3,2017-04-19 00:00:00
630,135,1,14,8,http://qiniuuwmp3.changba.com/807723878.mp3,2016-12-20 00:00:00
631,109,4,3,1,http://qiniuuwmp3.changba.com/806090264.mp3,2016-12-15 00:00:00
632,127,2,6,1,http://qiniuuwmp3.changba.com/805490782.mp3,2016-12-14 00:00:00
633,36,2,1,0,http://qiniuuwmp3.changba.com/805358983.mp3,2016-12-14 00:00:00
634,68,0,9,1,http://upscuw.changba.com/805352106.mp3,
635,82,3,0,0,http://qiniuuwmp3.changba.com/805001355.mp3,2016-12-13 00:00:00
636,144,3,12,4,http://qiniuuwmp3.changba.com/804967559.mp3,2016-12-22 00:00:00
637,299,8,9,6,http://upscuw.changba.com/804708436.mp3,2016-12-13 00:00:00
638,142,7,4,1,http://upscuw.changba.com/802703128.mp3,2016-12-09 00:00:00
639,99,0,3,2,http://qiniuuwmp3.changba.com/802671872.mp3,
640,78,2,2,3,http://qiniuuwmp3.changba.com/802645173.mp3,2016-12-09 00:00:00
641,109,2,10,0,http://upscuw.changba.com/802551124.mp3,2017-01-11 00:00:00
642,59,2,2,0,http://qiniuuwmp3.changba.com/801679550.mp3,2016-12-07 00:00:00
643,60,1,1,1,http://upscuw.changba.com/801619125.mp3,2016-12-08 00:00:00
644,41,0,1,0,http://qiniuuwmp3.changba.com/801598689.mp3,
645,66,1,3,0,http://upscuw.changba.com/801576911.mp3,2018-06-19 00:00:00
646,227,13,20,11,http://qiniuuwmp3.changba.com/801538569.mp3,2016-12-07 00:00:00
647,156,5,4,6,http://qiniuuwmp3.changba.com/801143446.mp3,2016-12-06 00:00:00
648,46,3,4,0,http://qiniuuwmp3.changba.com/801061981.mp3,2016-12-06 00:00:00
649,110,4,4,5,http://qiniuuwmp3.changba.com/800749676.mp3,2016-12-05 00:00:00
650,1314,16,34,15,http://qiniuuwmp3.changba.com/799924499.mp3,2019-03-07 00:00:00
651,107,1,2,13,http://upscuw.changba.com/799559432.mp3,2016-12-03 00:00:00
652,119,3,3,0,http://qiniuuwmp3.changba.com/799375654.mp3,2018-05-10 00:00:00
653,69,1,7,0,http://qiniuuwmp3.changba.com/796957656.mp3,2016-11-28 00:00:00
654,140,3,2,0,http://upscuw.changba.com/796957040.mp3,2016-11-28 00:00:00
655,187,9,15,4,http://qiniuuwmp3.changba.com/796735447.mp3,2016-11-28 00:00:00
656,69,1,4,1,http://qiniuuwmp3.changba.com/796408295.mp3,2016-11-27 00:00:00
657,43,1,6,0,http://upscuw.changba.com/796378206.mp3,2016-11-27 00:00:00
658,160,4,9,2,http://upscuw.changba.com/795871313.mp3,2016-11-26 00:00:00
659,118,6,5,2,http://upscuw.changba.com/795298134.mp3,2016-11-25 00:00:00
660,87,1,1,3,http://upscuw.changba.com/795172640.mp3,2016-11-25 00:00:00
661,178,11,16,3,http://upscuw.changba.com/794287742.mp3,2016-11-24 00:00:00
662,54,1,9,0,http://qiniuuwmp3.changba.com/792658187.mp3,2016-11-20 00:00:00
663,153,3,31,0,http://upscuw.changba.com/791525808.mp3,2016-11-18 00:00:00
664,94,1,2,0,http://qiniuuwmp3.changba.com/789934690.mp3,2016-11-15 00:00:00
665,87,1,5,1,http://qiniuuwmp3.changba.com/789519156.mp3,2016-11-14 00:00:00
666,139,3,9,0,http://qiniuuwmp3.changba.com/789461472.mp3,2016-11-14 00:00:00
667,92,3,7,2,http://upscuw.changba.com/788192735.mp3,2016-11-12 00:00:00
668,94,1,10,3,http://qiniuuwmp3.changba.com/788158874.mp3,2016-11-13 00:00:00
669,85,4,0,2,http://qiniuuwmp3.changba.com/787356253.mp3,2016-11-10 00:00:00
670,96,5,3,3,http://upscuw.changba.com/787334943.mp3,2016-11-10 00:00:00
671,52,1,1,0,http://upscuw.changba.com/787081324.mp3,2016-11-10 00:00:00
672,112,1,13,2,http://upscuw.changba.com/785327202.mp3,2016-11-06 00:00:00
673,126,1,2,7,http://qiniuuwmp3.changba.com/785226466.mp3,2016-11-06 00:00:00
674,47,0,5,0,http://qiniuuwmp3.changba.com/780669094.mp3,
675,67,1,1,0,http://upscuw.changba.com/780661424.mp3,2017-02-16 00:00:00
676,146,4,9,0,http://upscuw.changba.com/776253607.mp3,2016-10-21 00:00:00
677,77,2,5,0,http://qiniuuwmp3.changba.com/776240081.mp3,2016-10-21 00:00:00
678,74,6,4,0,http://upscuw.changba.com/775296418.mp3,2016-10-19 00:00:00
679,104,1,3,0,http://qiniuuwmp3.changba.com/775290494.mp3,2016-10-19 00:00:00
680,114,3,3,0,http://qiniuuwmp3.changba.com/775008980.mp3,2016-10-18 00:00:00
681,49,1,1,0,http://upscuw.changba.com/774982340.mp3,2016-10-18 00:00:00
682,138,4,4,0,http://upscuw.changba.com/774963737.mp3,2016-10-18 00:00:00
683,68,4,4,0,http://qiniuuwmp3.changba.com/774939682.mp3,2016-10-18 00:00:00
684,601,13,17,6,http://upscuw.changba.com/774939424.mp3,2016-11-06 00:00:00
685,172,6,8,1,http://upscuw.changba.com/771678920.mp3,2016-10-11 00:00:00
686,55,3,4,0,http://upscuw.changba.com/771615513.mp3,2016-10-11 00:00:00
687,57,3,2,0,http://upscuw.changba.com/771615415.mp3,2016-10-11 00:00:00
688,53,2,2,1,http://upscuw.changba.com/771615227.mp3,2016-10-11 00:00:00
689,58,1,5,0,http://upscuw.changba.com/770494432.mp3,2016-10-09 00:00:00
690,186,8,15,3,http://upscuw.changba.com/769536644.mp3,2016-10-06 00:00:00
691,60,1,1,0,http://qiniuuwmp3.changba.com/768582872.mp3,2016-10-04 00:00:00
692,76,0,8,1,http://upscuw.changba.com/768536508.mp3,
693,116,5,15,1,http://upscuw.changba.com/767973529.mp3,2016-10-03 00:00:00
694,79,4,1,1,http://upscuw.changba.com/767362427.mp3,2016-10-02 00:00:00
695,145,1,13,2,http://qiniuuwmp3.changba.com/767202568.mp3,2016-10-01 00:00:00
696,38,0,2,0,http://qiniuuwmp3.changba.com/767165085.mp3,
697,62,2,2,0,http://qiniuuwmp3.changba.com/767164747.mp3,2016-10-01 00:00:00
698,106,3,12,3,http://qiniuuwmp3.changba.com/767164256.mp3,2016-10-02 00:00:00
699,51,2,1,1,http://qiniuuwmp3.changba.com/766895186.mp3,2016-10-01 00:00:00
700,72,4,2,1,http://upscuw.changba.com/766714540.mp3,2016-09-30 00:00:00
701,78,1,3,0,http://qiniuuwmp3.changba.com/766628948.mp3,2017-06-24 00:00:00
702,101,3,9,1,http://qiniuuwmp3.changba.com/766463564.mp3,2016-09-30 00:00:00
703,73,3,3,0,http://upscuw.changba.com/766463413.mp3,2016-09-30 00:00:00
704,75,1,1,0,http://qiniuuwmp3.changba.com/766463295.mp3,2016-09-30 00:00:00
705,70,3,6,1,http://qiniuuwmp3.changba.com/766463150.mp3,2016-09-30 00:00:00
706,133,2,6,2,http://qiniuuwmp3.changba.com/763758193.mp3,2016-10-16 00:00:00
707,157,2,0,2,http://upscuw.changba.com/763631721.mp3,2016-09-24 00:00:00
708,33,1,0,0,http://qiniuuwmp3.changba.com/763631487.mp3,2016-09-24 00:00:00
709,75,3,4,1,http://upscuw.changba.com/763631302.mp3,2016-09-24 00:00:00
710,59,2,1,2,http://qiniuuwmp3.changba.com/763200183.mp3,2016-09-23 00:00:00
711,83,4,9,2,http://qiniuuwmp3.changba.com/763200057.mp3,2016-09-23 00:00:00
712,108,1,1,1,http://upscuw.changba.com/763199939.mp3,2016-09-23 00:00:00
713,51,3,3,0,http://qiniuuwmp3.changba.com/763199746.mp3,2016-09-23 00:00:00
714,56,2,3,1,http://qiniuuwmp3.changba.com/763199583.mp3,2016-09-23 00:00:00
715,91,2,11,0,http://qiniuuwmp3.changba.com/761539283.mp3,2016-11-15 00:00:00
716,62,1,14,0,http://ksapuw.changba.com/userdata/userwork/839/761450839.mp3,2016-09-19 00:00:00
717,47,1,2,0,http://upuwmp3.changba.com/userdata/userwork/68/761445068.mp3,2016-09-19 00:00:00
718,81,1,2,0,http://upuwmp3.changba.com/userdata/userwork/252/761432252.mp3,2016-09-19 00:00:00
719,77,3,4,1,http://upscuw.changba.com/757762428.mp3,2016-09-11 00:00:00
720,109,2,2,0,http://upscuw.changba.com/757155606.mp3,2016-09-10 00:00:00
721,237,5,6,4,http://upscuw.changba.com/756659106.mp3,2016-09-09 00:00:00
722,88,3,7,1,http://ksapuw.changba.com/userdata/userwork/304/754817304.mp3,2016-09-05 00:00:00
723,63,2,6,0,http://ksapuw.changba.com/userdata/userwork/336/754792336.mp3,2016-09-05 00:00:00
724,45,5,2,1,http://upuwmp3.changba.com/userdata/userwork/160/754792160.mp3,2016-09-05 00:00:00
725,69,4,2,1,http://ksapuw.changba.com/userdata/userwork/4/754792004.mp3,2016-09-05 00:00:00
726,68,1,2,0,http://qiniuuwmp3.changba.com/753786271.mp3,2016-09-03 00:00:00
727,45,1,0,0,https://qiniuuwmp3.changba.com/753784077.mp3,2016-09-03 00:00:00
728,134,4,6,2,http://upscuw.changba.com/753586604.mp3,2016-09-03 00:00:00
729,84,1,3,0,http://qiniuuwmp3.changba.com/753217056.mp3,2016-09-02 00:00:00
730,51,1,2,0,http://upscuw.changba.com/753205012.mp3,2016-09-02 00:00:00
731,92,10,9,0,http://qiniuuwmp3.changba.com/753191756.mp3,2016-09-02 00:00:00
732,145,7,8,4,http://qiniuuwmp3.changba.com/752120068.mp3,2016-08-31 00:00:00
733,152,5,12,2,http://qiniuuwmp3.changba.com/751285388.mp3,2016-08-29 00:00:00
734,149,3,8,3,http://upuwmp3.changba.com/userdata/userwork/476/750261476.mp3,2016-08-27 00:00:00
735,73,2,4,0,http://upuwmp3.changba.com/userdata/userwork/86/749306086.mp3,2016-08-25 00:00:00
736,,,,,,
737,56,3,5,0,http://upscuw.changba.com/747289631.mp3,2016-08-21 00:00:00
738,43,3,6,0,http://upuwmp3.changba.com/userdata/userwork/281/744754281.mp3,2016-08-17 00:00:00
739,121,0,6,0,http://upuwmp3.changba.com/userdata/userwork/656/744648656.mp3,
740,177,6,9,4,http://qiniuuwmp3.changba.com/743285365.mp3,2016-08-14 00:00:00
741,57,2,2,1,http://qiniuuwmp3.changba.com/741990090.mp3,2016-08-12 00:00:00
742,327,6,10,5,http://upuwmp3.changba.com/userdata/userwork/841/740158841.mp3,2016-08-09 00:00:00
743,113,2,7,0,http://qiniuuwmp3.changba.com/739551074.mp3,2016-08-08 00:00:00
744,72,0,6,0,http://upscuw.changba.com/738837521.mp3,
745,144,5,11,1,http://upuwmp3.changba.com/userdata/userwork/941/737489941.mp3,2016-08-05 00:00:00
746,159,1,6,1,http://ksapuw.changba.com/userdata/userwork/203/735171203.mp3,2016-08-01 00:00:00
747,125,3,6,1,http://upuwmp3.changba.com/userdata/userwork/162/734977162.mp3,2016-08-01 00:00:00
748,115,2,3,0,http://upuwmp3.changba.com/userdata/userwork/185/734167185.mp3,2016-07-30 00:00:00
749,336,2,6,2,http://upuwmp3.changba.com/userdata/userwork/563/733993563.mp3,2016-07-30 00:00:00
750,59,2,1,0,http://qiniuuwmp3.changba.com/732933572.mp3,2016-07-28 00:00:00
751,95,4,6,0,http://qiniuuwmp3.changba.com/732173684.mp3,2016-07-27 00:00:00
752,147,5,5,1,http://upscuw.changba.com/731267224.mp3,2016-07-25 00:00:00
753,123,1,5,0,http://ksapuw.changba.com/userdata/userwork/6/729744006.mp3,2016-07-23 00:00:00
754,101,4,6,0,http://upscuw.changba.com/728128843.mp3,2016-07-20 00:00:00
755,164,1,20,6,http://upuwmp3.changba.com/userdata/userwork/446/726402446.mp3,2016-07-17 00:00:00
756,151,7,9,1,https://qiniuuwmp3.changba.com/725923677.mp3,2016-07-16 00:00:00
757,134,5,5,2,http://ksapuw.changba.com/userdata/userwork/229/721613229.mp3,2016-07-09 00:00:00
758,315,10,17,9,http://upuwmp3.changba.com/userdata/userwork/857/708398857.mp3,2016-06-17 00:00:00
759,213,4,2,2,http://qiniuuwmp3.changba.com/705260390.mp3,2016-06-11 00:00:00
760,179,3,12,0,http://qiniuuwmp3.changba.com/666429054.mp3,2016-04-07 00:00:00
761,75,2,9,0,http://upuwmp3.changba.com/userdata/userwork/478/643744478.mp3,2016-02-25 00:00:00
762,150,6,8,3,http://qiniuuwmp3.changba.com/641594264.mp3,2016-02-21 00:00:00
763,96,3,13,0,http://qiniuuwmp3.changba.com/640479563.mp3,2016-02-19 00:00:00
764,136,2,8,1,http://qiniuuwmp3.changba.com/640011495.mp3,2016-02-18 00:00:00
765,110,5,6,2,http://upscuw.changba.com/638207424.mp3,2016-02-14 00:00:00
766,108,3,7,1,http://qiniuuwmp3.changba.com/636364497.mp3,2016-02-11 00:00:00
767,114,2,5,2,http://ksapuw.changba.com/userdata/userwork/932/635571932.mp3,2016-02-09 00:00:00
768,96,3,2,0,http://upuwmp3.changba.com/userdata/userwork/795/635570795.mp3,2016-02-09 00:00:00
769,104,5,2,0,http://upuwmp3.changba.com/userdata/userwork/164/635570164.mp3,2016-02-09 00:00:00
770,40,3,3,0,http://upuwmp3.changba.com/userdata/userwork/65/635569065.mp3,2016-02-09 00:00:00
771,98,3,5,4,http://ksapuw.changba.com/userdata/userwork/516/628908516.mp3,2016-01-28 00:00:00
772,88,4,8,1,http://upuwmp3.changba.com/userdata/userwork/176/628901176.mp3,2016-01-29 00:00:00
773,121,4,4,0,http://upscuw.changba.com/623720601.mp3,2016-01-20 00:00:00
774,225,6,4,0,http://upuwmp3.changba.com/userdata/userwork/379/614415379.mp3,2016-01-06 00:00:00
775,100,3,3,0,http://upuwmp3.changba.com/userdata/userwork/466/603957466.mp3,2015-12-23 00:00:00
776,137,2,14,0,http://qiniuuwmp3.changba.com/602202982.mp3,2015-12-18 00:00:00
777,121,7,0,0,http://upscuw.changba.com/602200917.mp3,2015-12-18 00:00:00
778,46,1,2,0,http://qiniuuwmp3.changba.com/602199166.mp3,2015-12-18 00:00:00
779,145,1,1,0,http://ksapuw.changba.com/userdata/userwork/617/600155617.mp3,2015-12-15 00:00:00
780,126,3,11,2,http://qiniuuwmp3.changba.com/598052776.mp3,2015-12-12 00:00:00
781,150,4,9,0,http://upuwmp3.changba.com/userdata/userwork/542/596509542.mp3,2015-12-09 00:00:00
782,51,1,3,0,http://upuwmp3.changba.com/userdata/userwork/590/554567590.mp3,2015-10-01 00:00:00
783,50,3,0,0,http://ksapuw.changba.com/userdata/userwork/137/552410137.mp3,2015-09-27 00:00:00
784,209,18,10,3,http://ksapuw.changba.com/userdata/userwork/813/453180813.mp3,2015-05-04 00:00:00
785,139,8,1,0,http://upuwmp3.changba.com/userdata/userwork/358/451428358.mp3,2015-05-01 00:00:00
786,200,7,3,1,http://upuwmp3.changba.com/userdata/userwork/697/451427697.mp3,2015-05-01 00:00:00
787,76,4,0,0,http://upuwmp3.changba.com/userdata/userwork/296/451426296.mp3,2015-05-01 00:00:00
788,156,20,1,3,http://upuwmp3.changba.com/userdata/userwork/570/450856570.mp3,2015-05-01 00:00:00
789,220,17,4,0,http://upuwmp3.changba.com/userdata/userwork/657/450835657.mp3,2015-05-01 00:00:00
790,,,,,,
791,229,22,23,2,http://upuwmp3.changba.com/userdata/userwork/569/405913569.mp3,2015-03-04 00:00:00
792,95,6,5,1,http://upuwmp3.changba.com/userdata/userwork/390/405676390.mp3,2015-02-28 00:00:00
793,134,6,0,0,http://ksapuw.changba.com/userdata/userwork/709/405605709.mp3,2015-02-28 00:00:00
794,60,6,0,0,http://upuwmp3.changba.com/userdata/userwork/847/399677847.mp3,2015-02-20 00:00:00
795,62,3,0,0,http://ksapuw.changba.com/userdata/userwork/133/398933133.mp3,2015-02-19 00:00:00
796,225,3,1,3,http://ksapuw.changba.com/userdata/userwork/335/394211335.mp3,2015-02-13 00:00:00
797,59,4,3,0,http://ksapuw.changba.com/userdata/userwork/530/383046530.mp3,2015-01-31 00:00:00
798,204,6,11,0,http://upuwmp3.changba.com/userdata/userwork/65/373250065.mp3,2015-01-19 00:00:00
799,130,2,3,0,http://upuwmp3.changba.com/userdata/userwork/869/372226869.mp3,2015-01-30 00:00:00
800,103,4,7,0,http://qiniuuwmp3.changba.com/300397553.mp3,2014-10-05 00:00:00
801,146,2,0,1,http://upscuw.changba.com/271403430.mp3,2014-08-18 00:00:00
802,95,2,1,0,http://ksapuw.changba.com/userdata/userwork/23/260146023.mp3,2014-08-02 00:00:00
803,30,3,0,0,,2014-07-21 00:00:00
804,24,2,0,0,http://upuwmp3.changba.com/userdata/userwork/883/245498883.mp3,2014-07-11 00:00:00
805,25,3,0,0,,2014-07-09 00:00:00
806,31,2,1,0,http://ksapuw.changba.com/userdata/userwork/126/244266126.mp3,2014-07-09 00:00:00
807,85,4,0,0,http://upuwmp3.changba.com/userdata/userwork/648/243671648.mp3,2014-07-08 00:00:00
808,92,10,5,1,,2014-02-12 00:00:00
809,13,4,0,0,http://upuwmp3.changba.com/userdata/userwork/43/156060043.mp3,2014-01-18 00:00:00
810,20,4,0,0,http://upuwmp3.changba.com/userdata/userwork/890/156058890.mp3,2014-01-18 00:00:00
811,26,4,1,0,http://upuwmp3.changba.com/userdata/userwork/764/155976764.mp3,2014-01-18 00:00:00
812,36,5,1,1,http://upuwmp3.changba.com/userdata/userwork/372/155976372.mp3,2014-01-18 00:00:00
813,22,5,0,0,,2014-01-18 00:00:00
814,52,6,7,0,http://upuwmp3.changba.com/userdata/userwork/677/155600677.mp3,2014-01-17 00:00:00
815,50,0,1,0,http://ksapuw.changba.com/userdata/userwork/527/117752527.mp3,2013-10-05 00:00:00
816,55,0,3,1,http://upuwmp3.changba.com/userdata/userwork/486/117120486.mp3,2013-10-03 00:00:00
817,108,0,5,0,http://upuwmp3.changba.com/userdata/userwork/162/106339162.mp3,2013-08-31 00:00:00
818,50,0,5,0,http://upuwmp3.changba.com/userdata/userwork/466/103275466.mp3,2013-08-23 00:00:00
819,81,0,0,1,http://ksapuw.changba.com/userdata/userwork/231/101931231.mp3,2013-08-20 00:00:00
820,52,0,1,0,http://ksapuw.changba.com/userdata/userwork/325/101888325.mp3,2013-08-20 00:00:00
821,89,0,3,0,,2013-08-18 00:00:00
822,42,0,3,0,,2013-08-16 00:00:00
823,68,0,4,0,http://ksapuw.changba.com/userdata/userwork/334/98085334.mp3,2013-08-12 00:00:00
824,171,0,9,0,http://upuwmp3.changba.com/userdata/userwork/672/97984672.mp3,2013-08-15 00:00:00
825,23,0,0,0,http://upuwmp3.changba.com/userdata/userwork/593/97166593.mp3,
826,46,0,3,1,http://ksapuw.changba.com/userdata/userwork/922/95443922.mp3,2013-08-05 00:00:00
827,34,0,4,0,http://ksapuw.changba.com/userdata/userwork/512/95411512.mp3,2013-08-05 00:00:00
828,145,0,2,0,http://ksapuw.changba.com/userdata/userwork/137/94761137.mp3,2013-08-03 00:00:00
829,82,0,0,0,http://upuwmp3.changba.com/userdata/userwork/150/94351150.mp3,2013-08-03 00:00:00
830,44,0,1,0,http://upuwmp3.changba.com/userdata/userwork/885/94326885.mp3,2013-08-02 00:00:00
831,37,0,0,1,http://upuwmp3.changba.com/userdata/userwork/949/94239949.mp3,2013-08-02 00:00:00
832,41,0,0,0,http://upuwmp3.changba.com/userdata/userwork/871/94226871.mp3,2013-08-05 00:00:00
833,106,0,4,0,http://upuwmp3.changba.com/userdata/userwork/871/94147871.mp3,
834,26,0,0,0,http://upuwmp3.changba.com/userdata/userwork/796/93924796.mp3,2013-08-01 00:00:00
835,72,0,3,0,http://upuwmp3.changba.com/userdata/userwork/551/93916551.mp3,2013-08-15 00:00:00
836,63,0,2,0,http://upuwmp3.changba.com/userdata/userwork/457/93754457.mp3,2013-08-01 00:00:00
